round,sequence,surrogate_score,oracle_score,split,max_hamming_distance,accuracy
0,AYKLILNGKTLKGETTTEAVDAATAEKVFKQYANDNGYDGEWTYDDATKTFTVTE,-0.2676696879416704,tensor([[-0.2746]]),,4,tensor([[0.0070]])
1,AYKLILNGCTLKGETTTEAVDAATAEKVFKQYANDNGYDGEWTYDDATKTFTVTE,-0.23507724292576312,-0.2532300353050232,,5,0.01815279237926007
1,AYKLILNGKTLKGETTTEARDAATAEKVFKQYANDNGYDGEWTYDDATKTFTVTE,-0.21756085947155954,-0.25094228982925415,,5,0.033381430357694614
1,AYKLILPGKTLKGETTTEAVDAATAEKVFKQYANDNGYDGEWTYDDATKTFTVTE,-0.20272054068744183,-0.2390810251235962,,5,0.03636048443615436
1,AYKCILNGKTLKGETTTEAVDAATAEKVFKQYANDNGYDGEWTYDDATKTFTVTE,-0.20076626367866993,-0.23538950085639954,,5,0.03462323717772961
1,AYKLIMNGKTLKGETTTEAVDAATAEKVFKQYANDNGYDGEWTYDDATKTFTVTE,-0.17131687477231025,-0.211929589509964,,5,0.04061271473765374
6,AYKLIMNGKTLKIETTTEAVDAATAEKVFKQYANDNGYDGEWTYDDATKTFTVTE,-0.1713063259422779,-0.16867128014564514,,6,-0.0026350457966327623
9,AYKLINNGKTLKIETTTEAVDAATAEKVFKQYANDNGYDGEWTYDDATKTFTVTE,-0.16292924143373966,-0.18299508094787598,,6,0.02006583951413632
22,AYKLINNGKTLKIETTTEAVDAATAEKVFKQYANDNGYDGEWTYDDATPTFTVTE,-0.16288969725370406,-0.13362523913383484,,7,-0.02926445811986922
27,AYKLINNGKTLKIETTTEAVDAATAEKVFKQYANDNGHDGEWTYDDATPTFTVTE,-0.14879038587212562,-0.019232608377933502,,7,-0.12955777749419212
28,AYKLIYNGKTLKIETTTEAVDAATAEKVFKQYANDNGHDGEWTYDDATPTFTVTE,-0.14799738369882107,0.0027213171124458313,,7,-0.1507187008112669
32,AYKLIVNGKTLKIETTTEAVDAATAEKVFKQYANDNGHDGEWTYDDATPTFTVTE,-0.14504938550293445,0.0025567039847373962,,7,-0.14760608948767184
33,AYKLIVNGKTLKAETTTEAVDAATAEKVFKQYANDNGHDGEWTYDDATPTFTVTE,-0.1430283771827817,0.025975041091442108,,7,-0.1690034182742238
36,AYKLIVNGKTLKAETTTEAVDAATAEKVFKQYAWDNGHDGEWTYDDATPTFTVTE,-0.14264037050306796,0.029663994908332825,,8,-0.1723043654114008
37,AYKLIVNGKTLKAETTTEAVDAATAEKVFMQYAWDNGHDGEWTYDDATPTFTVTE,-0.13893916718661786,0.02043205499649048,,9,-0.15937122218310834
38,AYKLIVNGKTLKAETTTEAVDAATAEKVFMQYAWDNGHDGEWTYDDTTPTFTVTE,-0.13888857087120413,0.06415022164583206,,10,-0.2030387925170362
39,GYKLIVNGKTLKAETTTEAVDAATAEKVFMQYAWDNGHDGEWTYDDTTPTFTVTE,-0.13705167097970844,0.07068008929491043,,10,-0.20773176027461887
43,GYKLIVNGKTLKAETTTEAVDAATAEKVFMQYAWDNGHDGEKTYDDTTPTFTVTE,-0.13678078416734935,0.09011097252368927,,11,-0.22689175669103862
44,GYKNIVNGKTLKAETTTEAVDAATAEKVFMQYAWDNGHDGEKTYDDTTPTFTVTE,-0.12293132323771715,0.12876567244529724,,12,-0.2516969956830144
44,GYKLIVNGKTLKAETTTEAVDAATAEKVFMQYAWDNGHDGEKTYDDTTPTFTVTD,-0.10387464810162783,0.11144992709159851,,12,-0.21532457519322634
51,GYKCIVNGKTLKAETTTEAVDAATAEKVFMQYAWDNGHDGEKTYDDTTPTFTVTD,-0.10203343331813812,0.1464463174343109,,13,-0.24847975075244905
57,QYKCIVNGKTLKAETTTEAVDAATAEKVFMQYAWDNGHDGEKTYDDTTPTFTVTD,-0.07138118036091327,0.18352802097797394,,12,-0.2549092013388872
61,QYKCIVNGKTLKAETTTEAVDAATAEKVFMQYAWDNGHDGECTYDDTTPTFTVTD,-0.06256480921059847,0.1848437786102295,,12,-0.24740858782082797
65,QYKCIVNGKTLKAETTTEAVDAATAEKVFMQYAWDNGHDGECTYDDTTPTFTVTS,-0.05687161061912775,0.19525942206382751,,12,-0.2521310326829553
69,QYKCIVNGKTLKAETTTEAVDAATAEKVFMQYAWDNGHDGEITYDDTTPTFTVTS,-0.05580567982047796,0.2462754249572754,,12,-0.30208110477775335
74,QYKCIVNGKTLKAETTTEAVDAATAEKVFMQYAWDNGHDGEDTYDDTTPTFTVTS,-0.04490607094019652,0.20992696285247803,,12,-0.2548330337926745
75,QYKCIVNGKTLKAETTTEAVDAATAEKVFMQYAWDNGQDGEDTYDDTTPTFTVTS,-0.042918779887259007,0.21923485398292542,,12,-0.2621536338701844
90,QYKCIVNGKTLKAETTTEAVDAATAEKVFMQYAWDNGQDGEDTYDDTTPTFTVTQ,-0.03934426948428154,0.18258994817733765,,12,-0.2219342176616192
91,QYKPIVNGKTLKAETTTEAVDAATAEKVFMQYAWDNGQDGEDTYDDTTPTFTVTQ,-0.03738350873813033,0.1361895650625229,,12,-0.17357307380065323
99,QYKAIVNGKTLKAETTTEAVDAATAEKVFMQYAWDNGQDGEDTYDDTTPTFTVTQ,-0.03342479167506099,0.20010745525360107,,12,-0.23353224692866206
